{
    "ACWI": {
        "Sectors": {
            "Information Technology": 26.287010000000006,
            "Consumer Discretionary": 9.345859999999995,
            "Communication": 8.412610000000003,
            "Financials": 16.80650000000001,
            "Health Care": 8.859409999999997,
            "Energy": 4.638640000000001,
            "Consumer Staples": 5.395260000000002,
            "Industrials": 11.231640000000006,
            "Materials": 4.019450000000003,
            "Utilities": 2.836,
            "Real Estate": 1.7581799999999996,
            "Cash and/or Derivatives": 0.40931000000000006
        },
        "Geography": {
            "United States": 63.08285999999999,
            "Taiwan": 2.54281,
            "Korea (South)": 1.7678200000000004,
            "Netherlands": 1.1535600000000004,
            "China": 2.877140000000001,
            "United Kingdom": 3.437539999999999,
            "Switzerland": 2.1229299999999998,
            "Canada": 3.1852300000000016,
            "Australia": 1.5021499999999994,
            "Japan": 5.083859999999999,
            "France": 2.2742999999999993,
            "Germany": 2.0090999999999988,
            "Spain": 0.86471,
            "Hong Kong": 0.4540200000000001,
            "Denmark": 0.38111,
            "Italy": 0.72984,
            "Singapore": 0.38382999999999995,
            "India": 1.4216799999999994,
            "Sweden": 0.80768,
            "Belgium": 0.24566000000000002,
            "Brazil": 0.5910299999999998,
            "Saudi Arabia": 0.3501800000000001,
            "Finland": 0.26511999999999997,
            "South Africa": 0.40453,
            "Mexico": 0.23716999999999996,
            "Israel": 0.2452,
            "Austria": 0.07504999999999999,
            "Norway": 0.17725000000000002,
            "Kuwait": 0.0707,
            "Hungary": 0.03912,
            "Thailand": 0.13103,
            "Ireland": 0.09504,
            "Peru": 0.05191,
            "Poland": 0.12742,
            "Indonesia": 0.10399,
            "United Arab Emirates": 0.15303999999999998,
            "Qatar": 0.06337999999999999,
            "European Union": 0.02252,
            "Malaysia": 0.13546000000000005,
            "Portugal": 0.05163,
            "New Zealand": 0.039180000000000006,
            "Colombia": 0.016309999999999998,
            "Chile": 0.056549999999999996,
            "Greece": 0.053290000000000004,
            "Turkey": 0.05643,
            "Czech Republic": 0.017529999999999997,
            "Philippines": 0.03547000000000001,
            "Egypt": 0.0064800000000000005,
            "Russian Federation": 3e-05,
            "--": 0.0
        },
        "as_of_date": "2026-03-31"
    },
    "TSX": {
        "Sectors": {
            "Financials": 31.011599999999998,
            "Information Technology": 7.265899999999999,
            "Energy": 18.340030000000002,
            "Materials": 19.270430000000005,
            "Industrials": 10.131630000000001,
            "Consumer Staples": 3.2989699999999997,
            "Consumer Discretionary": 3.1082400000000003,
            "Utilities": 3.6434800000000003,
            "Communication": 1.9639000000000002,
            "Cash and/or Derivatives": 0.3351,
            "Real Estate": 1.3760100000000002,
            "Health Care": 0.25475,
            "Cash Amount": 0.0
        },
        "Geography": {
            "Canada": 100.0
        },
        "as_of_date": "2026-03-31"
    },
    "scraped_at": "2026-04-01 12:26:05"
}