{
    "ACWI": {
        "Sectors": {
            "Information Technology": 26.675639999999994,
            "Consumer Discretionary": 10.13873999999998,
            "Communication": 8.702199999999996,
            "Health Care": 9.037750000000003,
            "Financials": 17.22229000000001,
            "Energy": 3.5322299999999993,
            "Consumer Staples": 5.139239999999999,
            "Industrials": 11.078389999999994,
            "Materials": 3.923919999999999,
            "Utilities": 2.5241999999999996,
            "Real Estate": 1.7515400000000003,
            "Cash and/or Derivatives": 0.27392
        },
        "Geography": {
            "United States": 63.28118000000002,
            "Taiwan": 2.41782,
            "Netherlands": 1.2069099999999997,
            "China": 3.0608299999999993,
            "Korea (South)": 1.6885400000000004,
            "Switzerland": 2.10561,
            "United Kingdom": 3.27744,
            "Canada": 3.0607099999999994,
            "Germany": 2.10999,
            "Japan": 4.962590000000003,
            "Denmark": 0.46660999999999997,
            "Spain": 0.8626200000000002,
            "France": 2.29723,
            "Australia": 1.4142400000000006,
            "Italy": 0.7130800000000002,
            "India": 1.5549400000000007,
            "Hong Kong": 0.44863,
            "Singapore": 0.37803000000000003,
            "Sweden": 0.8242000000000002,
            "Belgium": 0.2494,
            "Finland": 0.2574,
            "Brazil": 0.5361299999999999,
            "Saudi Arabia": 0.33092,
            "South Africa": 0.43731999999999993,
            "Austria": 0.06375,
            "Mexico": 0.23188999999999999,
            "Israel": 0.25147,
            "Hungary": 0.041490000000000006,
            "Ireland": 0.09274,
            "Kuwait": 0.07064,
            "United Arab Emirates": 0.16711000000000004,
            "Norway": 0.13749,
            "Indonesia": 0.12496000000000002,
            "Qatar": 0.06937,
            "Poland": 0.13156,
            "Peru": 0.04934,
            "Thailand": 0.11355000000000003,
            "Malaysia": 0.13885,
            "Portugal": 0.046130000000000004,
            "Greece": 0.0654,
            "Colombia": 0.01671,
            "New Zealand": 0.03915999999999999,
            "Chile": 0.06702999999999999,
            "European Union": 0.01169,
            "Turkey": 0.06075000000000001,
            "Czech Republic": 0.018160000000000003,
            "Philippines": 0.039950000000000006,
            "Egypt": 0.00846,
            "Russian Federation": 4e-05,
            "--": 0.0
        },
        "as_of_date": "2026-01-22"
    },
    "TSX": {
        "Sectors": {
            "Financials": 38.067800000000005,
            "Information Technology": 9.772260000000001,
            "Materials": 15.97234,
            "Energy": 15.749159999999998,
            "Industrials": 7.961970000000001,
            "Consumer Staples": 3.7002699999999997,
            "Consumer Discretionary": 3.4525500000000005,
            "Utilities": 2.56295,
            "Communication": 2.15362,
            "Cash and/or Derivatives": 0.36508000000000007,
            "Real Estate": 0.24202,
            "Cash Amount": 0.0
        },
        "Geography": {
            "Canada": 100.0
        },
        "as_of_date": "2026-01-22"
    },
    "scraped_at": "2026-01-23 15:10:55"
}