{
    "ACWI": {
        "Sectors": {
            "Information Technology": 26.827389999999962,
            "Consumer Discretionary": 9.387420000000008,
            "Communication": 8.467979999999999,
            "Financials": 16.742510000000003,
            "Health Care": 8.687559999999998,
            "Energy": 4.562199999999998,
            "Consumer Staples": 5.326149999999997,
            "Industrials": 11.380870000000005,
            "Materials": 3.86436,
            "Utilities": 2.7808300000000004,
            "Real Estate": 1.7448299999999999,
            "Cash and/or Derivatives": 0.22494000000000003,
            "Other": 0.0031
        },
        "Geography": {
            "United States": 62.94003,
            "Taiwan": 2.5759299999999996,
            "Korea (South)": 2.01262,
            "Netherlands": 1.20354,
            "China": 2.9167099999999997,
            "United Kingdom": 3.3887199999999997,
            "Switzerland": 2.0976500000000007,
            "Canada": 3.1384700000000008,
            "Australia": 1.5058,
            "Japan": 5.10293,
            "Germany": 2.0023,
            "France": 2.2514899999999995,
            "Spain": 0.85705,
            "Denmark": 0.37163000000000007,
            "Hong Kong": 0.44462,
            "Italy": 0.7138499999999999,
            "Singapore": 0.37989000000000006,
            "India": 1.4660999999999993,
            "Sweden": 0.8071199999999998,
            "Belgium": 0.23809,
            "Brazil": 0.57049,
            "Finland": 0.26655999999999996,
            "Saudi Arabia": 0.3299799999999999,
            "South Africa": 0.38878000000000007,
            "Mexico": 0.22837000000000002,
            "Austria": 0.07351,
            "Israel": 0.25284000000000006,
            "Norway": 0.16907,
            "Kuwait": 0.06986,
            "Hungary": 0.039009999999999996,
            "Thailand": 0.12849,
            "Ireland": 0.09498,
            "Poland": 0.12670000000000003,
            "Peru": 0.04879,
            "Indonesia": 0.10280000000000002,
            "United Arab Emirates": 0.15142000000000003,
            "Qatar": 0.06246,
            "Malaysia": 0.14243999999999998,
            "Portugal": 0.0501,
            "New Zealand": 0.03842,
            "Colombia": 0.015170000000000001,
            "Greece": 0.05248,
            "Chile": 0.0546,
            "Turkey": 0.06039000000000002,
            "Philippines": 0.03592,
            "Czech Republic": 0.017410000000000002,
            "European Union": 0.00764,
            "Egypt": 0.006880000000000001,
            "Russian Federation": 4e-05,
            "--": 0.0
        },
        "as_of_date": "2026-03-24"
    },
    "TSX": {
        "Sectors": {
            "Financials": 37.52091000000001,
            "Information Technology": 8.73425,
            "Energy": 19.21401,
            "Materials": 14.025419999999999,
            "Industrials": 7.8489700000000004,
            "Consumer Staples": 3.75552,
            "Consumer Discretionary": 3.4155700000000007,
            "Utilities": 2.74465,
            "Communication": 2.24159,
            "Real Estate": 0.21176,
            "Cash and/or Derivatives": 0.28731999999999996,
            "Cash Amount": 0.0
        },
        "Geography": {
            "Canada": 100.0
        },
        "as_of_date": "2026-03-24"
    },
    "scraped_at": "2026-03-25 20:53:02"
}