{
    "ACWI": {
        "Sectors": {
            "Information Technology": 26.695460000000036,
            "Consumer Discretionary": 9.181050000000004,
            "Communication": 8.469219999999995,
            "Financials": 16.822499999999984,
            "Health Care": 8.71688,
            "Energy": 4.507250000000002,
            "Consumer Staples": 5.289720000000002,
            "Industrials": 11.283970000000004,
            "Materials": 4.02558,
            "Utilities": 2.8304600000000018,
            "Cash and/or Derivatives": 0.4192,
            "Real Estate": 1.7586799999999998
        },
        "Geography": {
            "United States": 62.740500000000004,
            "Taiwan": 2.622889999999999,
            "Korea (South)": 1.9590300000000003,
            "Netherlands": 1.1527200000000004,
            "China": 2.856240000000004,
            "United Kingdom": 3.440589999999999,
            "Switzerland": 2.08431,
            "Canada": 3.1809200000000013,
            "Australia": 1.5395700000000005,
            "Japan": 5.154940000000002,
            "Germany": 1.9956,
            "France": 2.2673,
            "Spain": 0.8708800000000001,
            "Hong Kong": 0.4533800000000001,
            "Denmark": 0.37987000000000004,
            "Italy": 0.7358600000000001,
            "Singapore": 0.38185,
            "India": 1.4720600000000008,
            "Sweden": 0.8015200000000001,
            "Belgium": 0.24922,
            "Brazil": 0.5862600000000001,
            "Saudi Arabia": 0.3381699999999999,
            "Finland": 0.26694,
            "South Africa": 0.4047299999999998,
            "Mexico": 0.23661000000000001,
            "Austria": 0.07521,
            "Israel": 0.2503500000000001,
            "Norway": 0.17618999999999999,
            "Hungary": 0.040999999999999995,
            "Kuwait": 0.07125000000000001,
            "Thailand": 0.13174000000000002,
            "European Union": 0.02818,
            "Ireland": 0.09374,
            "Poland": 0.12919,
            "Peru": 0.05102,
            "United Arab Emirates": 0.15268,
            "Indonesia": 0.09960999999999999,
            "Qatar": 0.06292,
            "Portugal": 0.0521,
            "Malaysia": 0.13239,
            "New Zealand": 0.03879,
            "Colombia": 0.01589,
            "Greece": 0.05558,
            "Chile": 0.05457,
            "Turkey": 0.0562,
            "Czech Republic": 0.01737,
            "Philippines": 0.03531000000000001,
            "Egypt": 0.00669,
            "Russian Federation": 4e-05,
            "--": 0.0
        },
        "as_of_date": "2026-04-07"
    },
    "TSX": {
        "Sectors": {
            "Financials": 31.22039999999999,
            "Information Technology": 7.133349999999999,
            "Energy": 18.137930000000008,
            "Materials": 19.599289999999993,
            "Industrials": 10.144659999999998,
            "Consumer Staples": 3.27836,
            "Consumer Discretionary": 3.0901199999999998,
            "Utilities": 3.654900000000001,
            "Communication": 1.8207299999999997,
            "Cash and/or Derivatives": 0.26169,
            "Real Estate": 1.3978300000000001,
            "Health Care": 0.26071,
            "Cash Amount": 0.0
        },
        "Geography": {
            "Canada": 100.0
        },
        "as_of_date": "2026-04-07"
    },
    "scraped_at": "2026-04-08 20:50:33"
}