{
    "ACWI": {
        "Sectors": {
            "Information Technology": 26.826810000000012,
            "Consumer Discretionary": 9.46921,
            "Communication": 8.652359999999996,
            "Financials": 16.479249999999993,
            "Health Care": 8.71862,
            "Energy": 4.3070499999999985,
            "Consumer Staples": 5.393129999999996,
            "Industrials": 11.366270000000009,
            "Materials": 3.919629999999999,
            "Utilities": 2.80522,
            "Real Estate": 1.7871800000000002,
            "Cash and/or Derivatives": 0.27532999999999996,
            "Other": 0.0
        },
        "Geography": {
            "United States": 62.74351000000006,
            "Taiwan": 2.61726,
            "Korea (South)": 1.9931700000000003,
            "Netherlands": 1.1934699999999998,
            "China": 2.9782400000000004,
            "United Kingdom": 3.418289999999999,
            "Switzerland": 2.1369699999999994,
            "Canada": 3.1511799999999996,
            "Australia": 1.5322499999999994,
            "Japan": 5.073460000000001,
            "Germany": 2.0338000000000003,
            "France": 2.2463199999999994,
            "Spain": 0.8459500000000003,
            "Denmark": 0.37446,
            "Hong Kong": 0.43628000000000006,
            "Italy": 0.7162900000000003,
            "India": 1.488510000000001,
            "Singapore": 0.37869,
            "Sweden": 0.8257699999999998,
            "Belgium": 0.24322000000000005,
            "Finland": 0.26985,
            "Brazil": 0.5566899999999998,
            "Saudi Arabia": 0.3240899999999999,
            "South Africa": 0.41705000000000003,
            "Mexico": 0.22560999999999998,
            "Israel": 0.24249999999999997,
            "Austria": 0.06760000000000001,
            "Kuwait": 0.06797,
            "Norway": 0.16857,
            "Hungary": 0.038270000000000005,
            "Thailand": 0.12811999999999998,
            "Ireland": 0.09325999999999998,
            "Poland": 0.12771,
            "Peru": 0.05044,
            "Indonesia": 0.10116,
            "United Arab Emirates": 0.14822000000000002,
            "Qatar": 0.062310000000000004,
            "Malaysia": 0.14164999999999997,
            "Portugal": 0.04991000000000001,
            "New Zealand": 0.03927,
            "Colombia": 0.014440000000000001,
            "Chile": 0.05603,
            "Greece": 0.05354,
            "Turkey": 0.060270000000000004,
            "Philippines": 0.03579,
            "Czech Republic": 0.01749,
            "European Union": 0.00855,
            "Egypt": 0.00658,
            "Russian Federation": 3e-05,
            "--": 0.0
        },
        "as_of_date": "2026-03-17"
    },
    "TSX": {
        "Sectors": {
            "Financials": 36.97746999999999,
            "Information Technology": 8.98228,
            "Energy": 18.372629999999997,
            "Materials": 15.037139999999999,
            "Industrials": 7.82236,
            "Consumer Staples": 3.8111500000000005,
            "Consumer Discretionary": 3.5054,
            "Utilities": 2.78215,
            "Communication": 2.1971,
            "Real Estate": 0.21452,
            "Cash and/or Derivatives": 0.2978,
            "Cash Amount": 0.0
        },
        "Geography": {
            "Canada": 100.0
        },
        "as_of_date": "2026-03-17"
    },
    "scraped_at": "2026-03-18 17:06:41"
}